<?xml version="1.0" encoding="UTF-8"?>
<card-stack location.name="table" location.x="800" location.y="600" posZ="0" isLock="false" rotate="0" zindex="20" owner="" isShowTotal="true" overViewWidth="250" overViewMaxHeight="250">
  <data name="card-stack">
    <data name="image">
      <data type="image" name="imageIdentifier"></data>
    </data>
    <data name="common">
      <data name="name">山札</data>
    </data>
    <data name="detail"></data>
    <data name="buff"></data>
  </data>
  <node name="cardRoot">
    <card location.name="table" location.x="775" location.y="600" posZ="0" isLock="false" state="1" rotate="0" owner="" zindex="0" overViewWidth="250" overViewMaxHeight="250">
      <data name="card">
        <data name="image">
          <data type="image" name="imageIdentifier"></data>
          <data type="image" name="front">4916f79cd824bb7c6b3df0d4a3c0030784cdc32df6bfe2a9a1ea0d375ebdbe77</data>
          <data type="image" name="back">82371dcb2d085269fa2352cfd1c4059ed3da848b09e94f5a607dc4a821fd33d5</data>
        </data>
        <data name="common">
          <data name="name">カード</data>
          <data name="size">2</data>
        </data>
        <data name="detail">
          <data name="情報" type="note"></data>
        </data>
        <data name="buff"></data>
      </data>
    </card>
    <card location.name="table" location.x="800" location.y="600" posZ="0" isLock="false" state="1" rotate="0" owner="" zindex="0" overViewWidth="250" overViewMaxHeight="250">
      <data name="card">
        <data name="image">
          <data type="image" name="imageIdentifier"></data>
          <data type="image" name="front">4916f79cd824bb7c6b3df0d4a3c0030784cdc32df6bfe2a9a1ea0d375ebdbe77</data>
          <data type="image" name="back">82371dcb2d085269fa2352cfd1c4059ed3da848b09e94f5a607dc4a821fd33d5</data>
        </data>
        <data name="common">
          <data name="name">カード</data>
          <data name="size">2</data>
        </data>
        <data name="detail">
          <data name="情報" type="note"></data>
        </data>
        <data name="buff"></data>
      </data>
    </card>
  </node>
</card-stack>