<?xml version="1.0" encoding="UTF-8"?>
<card-stack location.name="table" location.x="716" location.y="217" posZ="0" rotate="0" zindex="209" owner="" isShowTotal="true" isLock="false" overViewWidth="250" overViewMaxHeight="250">
  <data name="card-stack">
    <data name="image">
      <data type="image" name="imageIdentifier"></data>
    </data>
    <data name="common">
      <data name="name">パーティカードデッキ</data>
    </data>
    <data name="detail"></data>
    <data name="buff"></data>
  </data>
  <node name="cardRoot">
    <card location.name="table" location.x="750" location.y="125" posZ="0" state="0" rotate="0" owner="" zindex="0" isLock="false" dispLockMark="true" overViewWidth="500" overViewMaxHeight="500">
      <data name="card">
        <data name="image">
          <data type="image" name="imageIdentifier"></data>
          <data type="image" name="front">e49e55974e0a0de472f2f8fdd9e1ddb1df6e29f1bca4b0256b0036db667823fc</data>
          <data type="image" name="back">4fb72c6600855f9abe1da57333621da077b04013af3841637b89801dbcf106ad</data>
        </data>
        <data name="common">
          <data name="name">平坦な道</data>
          <data name="size">2</data>
        </data>
        <data name="detail">
          <data name="情報">
            <data name="▼障害" type="note">【任意の技能 - 1】</data>
          </data>
        </data>
        <data name="buff"></data>
      </data>
    </card>
    <card location.name="table" location.x="750" location.y="125" posZ="0" state="0" rotate="0" owner="" zindex="0" isLock="false" dispLockMark="true" overViewWidth="500" overViewMaxHeight="500">
      <data name="card">
        <data name="image">
          <data type="image" name="imageIdentifier"></data>
          <data type="image" name="front">57295565d3cdab121db58f39496b9cd85834f6d1edb1f010026bad29017d2c26</data>
          <data type="image" name="back">4fb72c6600855f9abe1da57333621da077b04013af3841637b89801dbcf106ad</data>
        </data>
        <data name="common">
          <data name="name">ハチの巣</data>
          <data name="size">2</data>
        </data>
        <data name="detail">
          <data name="情報">
            <data name="▼障害" type="note">【隠密 - 1】
そのシーン中に初めて判定するラウンドのみ、【隠密 - 30】</data>
          </data>
        </data>
        <data name="buff"></data>
      </data>
    </card>
    <card location.name="table" location.x="750" location.y="125" posZ="0" state="0" rotate="0" owner="" zindex="0" isLock="false" dispLockMark="true" overViewWidth="500" overViewMaxHeight="500">
      <data name="card">
        <data name="image">
          <data type="image" name="imageIdentifier"></data>
          <data type="image" name="front">45d1db8ca9f1e8f0e0325b7a460f019404f7890c4e57cb51140f2347f9745af1</data>
          <data type="image" name="back">4fb72c6600855f9abe1da57333621da077b04013af3841637b89801dbcf106ad</data>
        </data>
        <data name="common">
          <data name="name">有刺鉄線</data>
          <data name="size">2</data>
        </data>
        <data name="detail">
          <data name="情報">
            <data name="▼地形" type="note">ファンブルをしたユニットはその数×１ｄダメージ </data>
          </data>
        </data>
        <data name="buff"></data>
      </data>
    </card>
    <card location.name="table" location.x="725" location.y="125" posZ="0" state="0" rotate="0" owner="" zindex="0" isLock="false" dispLockMark="true" overViewWidth="500" overViewMaxHeight="500">
      <data name="card">
        <data name="image">
          <data type="image" name="imageIdentifier"></data>
          <data type="image" name="front">b93a5864327c871d11c2073ccca3b34ad5e7daecbfef237bb0228ec582aaa5d9</data>
          <data type="image" name="back">4fb72c6600855f9abe1da57333621da077b04013af3841637b89801dbcf106ad</data>
        </data>
        <data name="common">
          <data name="name">開閉ゲート</data>
          <data name="size">2</data>
        </data>
        <data name="detail">
          <data name="情報">
            <data name="▼地形" type="note">偶数ラウンド中、【障害】判定に自動失敗する</data>
          </data>
        </data>
        <data name="buff"></data>
      </data>
    </card>
    <card location.name="table" location.x="750" location.y="125" posZ="0" state="0" rotate="0" owner="" zindex="0" isLock="false" dispLockMark="true" overViewWidth="500" overViewMaxHeight="500">
      <data name="card">
        <data name="image">
          <data type="image" name="imageIdentifier"></data>
          <data type="image" name="front">957b39129ef1e64dfb322a65ad3622417b18e093ef1912a995179d17174c5742</data>
          <data type="image" name="back">4fb72c6600855f9abe1da57333621da077b04013af3841637b89801dbcf106ad</data>
        </data>
        <data name="common">
          <data name="name">回転足場</data>
          <data name="size">2</data>
        </data>
        <data name="detail">
          <data name="情報">
            <data name="▼地形" type="note">そのラウンド中に障害をクリアしていないユニットは、
エリアを１マス後退する </data>
          </data>
        </data>
        <data name="buff"></data>
      </data>
    </card>
    <card location.name="table" location.x="750" location.y="125" posZ="0" state="0" rotate="0" owner="" zindex="0" isLock="false" dispLockMark="true" overViewWidth="500" overViewMaxHeight="500">
      <data name="card">
        <data name="image">
          <data type="image" name="imageIdentifier"></data>
          <data type="image" name="front">22dd09a0e4fd3ae00040ff5668a2e023ebb3b7a2c57ee99beefb86b95b3cbc9f</data>
          <data type="image" name="back">4fb72c6600855f9abe1da57333621da077b04013af3841637b89801dbcf106ad</data>
        </data>
        <data name="common">
          <data name="name">足場</data>
          <data name="size">2</data>
        </data>
        <data name="detail">
          <data name="情報">
            <data name="▼地形" type="note">公開時、設置者は任意の技能判定を一つ選択する
その判定に＋５のボーナス </data>
          </data>
        </data>
        <data name="buff"></data>
      </data>
    </card>
    <card location.name="table" location.x="750" location.y="125" posZ="0" state="0" rotate="0" owner="" zindex="0" isLock="false" dispLockMark="true" overViewWidth="500" overViewMaxHeight="500">
      <data name="card">
        <data name="image">
          <data type="image" name="imageIdentifier"></data>
          <data type="image" name="front">e4589d31c41f77b740e76195306704a2a07322f23114bee28f4c4ad973edebdc</data>
          <data type="image" name="back">4fb72c6600855f9abe1da57333621da077b04013af3841637b89801dbcf106ad</data>
        </data>
        <data name="common">
          <data name="name">ロケット</data>
          <data name="size">2</data>
        </data>
        <data name="detail">
          <data name="情報">
            <data name="▼地形" type="note">公開時、同じエリアのランダムな対象に発動する。
そのユニットは同シーン中、全ての判定基礎値が【０＋１０ｄ／ギャンブル】となる。 </data>
          </data>
        </data>
        <data name="buff"></data>
      </data>
    </card>
    <card location.name="table" location.x="750" location.y="125" posZ="0" state="0" rotate="0" owner="" zindex="0" isLock="false" dispLockMark="true" overViewWidth="500" overViewMaxHeight="500">
      <data name="card">
        <data name="image">
          <data type="image" name="imageIdentifier"></data>
          <data type="image" name="front">21fda1f311d5fda1f1c5061c019f6b34c889f3faa80b88586acb707686e1766d</data>
          <data type="image" name="back">4fb72c6600855f9abe1da57333621da077b04013af3841637b89801dbcf106ad</data>
        </data>
        <data name="common">
          <data name="name">トリモチ</data>
          <data name="size">2</data>
        </data>
        <data name="detail">
          <data name="情報">
            <data name="▼地形" type="note">あらゆる判定のダイスを２つ減らす
ダイスロールを行えない場合、その判定は自動失敗となる </data>
          </data>
        </data>
        <data name="buff"></data>
      </data>
    </card>
    <card location.name="table" location.x="750" location.y="125" posZ="0" state="0" rotate="0" owner="" zindex="0" isLock="false" dispLockMark="true" overViewWidth="500" overViewMaxHeight="500">
      <data name="card">
        <data name="image">
          <data type="image" name="imageIdentifier"></data>
          <data type="image" name="front">a8e1e4d13a7f620ea36789cb22eda80fff2fef3c3f14c414dc6659f2aa5d9201</data>
          <data type="image" name="back">4fb72c6600855f9abe1da57333621da077b04013af3841637b89801dbcf106ad</data>
        </data>
        <data name="common">
          <data name="name">氷の床</data>
          <data name="size">2</data>
        </data>
        <data name="detail">
          <data name="情報">
            <data name="▼地形" type="note">あらゆる判定をギャンブル化する </data>
          </data>
        </data>
        <data name="buff"></data>
      </data>
    </card>
    <card location.name="table" location.x="750" location.y="125" posZ="0" state="0" rotate="0" owner="" zindex="0" isLock="false" dispLockMark="true" overViewWidth="500" overViewMaxHeight="500">
      <data name="card">
        <data name="image">
          <data type="image" name="imageIdentifier"></data>
          <data type="image" name="front">034cd47e761d8b9ed408f3baa85f998fc79cd8b00c1797e2ced0907d39239d8e</data>
          <data type="image" name="back">4fb72c6600855f9abe1da57333621da077b04013af3841637b89801dbcf106ad</data>
        </data>
        <data name="common">
          <data name="name">パンチングマシン</data>
          <data name="size">2</data>
        </data>
        <data name="detail">
          <data name="情報">
            <data name="▼地形" type="note">同エリアの設置者は手番にて、
攻撃禁止ルールの例外として同エリアの他ユニットへ攻撃行動を行うことができる </data>
          </data>
        </data>
        <data name="buff"></data>
      </data>
    </card>
    <card location.name="table" location.x="750" location.y="125" posZ="0" state="0" rotate="0" owner="" zindex="0" isLock="false" dispLockMark="true" overViewWidth="500" overViewMaxHeight="500">
      <data name="card">
        <data name="image">
          <data type="image" name="imageIdentifier"></data>
          <data type="image" name="front">ffe6f2f11917c41ae63c21e0f62141184be76c9bd09e68af053c35218ab0b45b</data>
          <data type="image" name="back">4fb72c6600855f9abe1da57333621da077b04013af3841637b89801dbcf106ad</data>
        </data>
        <data name="common">
          <data name="name">転落</data>
          <data name="size">2</data>
        </data>
        <data name="detail">
          <data name="情報">
            <data name="▼損失" type="note">エリアを１マス後退する </data>
          </data>
        </data>
        <data name="buff"></data>
      </data>
    </card>
    <card location.name="table" location.x="750" location.y="125" posZ="0" state="0" rotate="0" owner="" zindex="0" isLock="false" dispLockMark="true" overViewWidth="500" overViewMaxHeight="500">
      <data name="card">
        <data name="image">
          <data type="image" name="imageIdentifier"></data>
          <data type="image" name="front">4fb4c596fac2bb4afa0d5ad264b37daa20cfdd0f864a7514a3e782ff09141a1d</data>
          <data type="image" name="back">4fb72c6600855f9abe1da57333621da077b04013af3841637b89801dbcf106ad</data>
        </data>
        <data name="common">
          <data name="name">ポータル</data>
          <data name="size">2</data>
        </data>
        <data name="detail">
          <data name="情報">
            <data name="▼損失" type="note">【ふりだし】か他の【ポータル】に移動する。 </data>
          </data>
        </data>
        <data name="buff"></data>
      </data>
    </card>
    <card location.name="table" location.x="750" location.y="125" posZ="0" state="0" rotate="0" owner="" zindex="0" isLock="false" dispLockMark="true" overViewWidth="500" overViewMaxHeight="500">
      <data name="card">
        <data name="image">
          <data type="image" name="imageIdentifier"></data>
          <data type="image" name="front">d1ab5feb1beb36507601d38d1ed8aa38e6bff4475d02dc1d537abd41d58d3903</data>
          <data type="image" name="back">4fb72c6600855f9abe1da57333621da077b04013af3841637b89801dbcf106ad</data>
        </data>
        <data name="common">
          <data name="name">スポンジ</data>
          <data name="size">2</data>
        </data>
        <data name="detail">
          <data name="情報">
            <data name="▼障害" type="note">【力技 - 20】</data>
            <data name="▼損失" type="note">他のペナルティをランダムに１つ無効化する </data>
          </data>
        </data>
        <data name="buff"></data>
      </data>
    </card>
    <card location.name="table" location.x="750" location.y="125" posZ="0" state="0" rotate="0" owner="" zindex="0" isLock="false" dispLockMark="true" overViewWidth="500" overViewMaxHeight="500">
      <data name="card">
        <data name="image">
          <data type="image" name="imageIdentifier"></data>
          <data type="image" name="front">01485cecf2a101b181b8cd502ffa79594999f1eb34396bd05de2f9d315ef1966</data>
          <data type="image" name="back">4fb72c6600855f9abe1da57333621da077b04013af3841637b89801dbcf106ad</data>
        </data>
        <data name="common">
          <data name="name">モヒカンの群れ</data>
          <data name="size">2</data>
        </data>
        <data name="detail">
          <data name="情報">
            <data name="▼障害" type="note">【威圧 - 20】 </data>
            <data name="▼損失" type="note">２ｄのダメージ、２ヒット </data>
          </data>
        </data>
        <data name="buff"></data>
      </data>
    </card>
    <card location.name="table" location.x="750" location.y="125" posZ="0" state="0" rotate="0" owner="" zindex="0" isLock="false" dispLockMark="true" overViewWidth="500" overViewMaxHeight="500">
      <data name="card">
        <data name="image">
          <data type="image" name="imageIdentifier"></data>
          <data type="image" name="front">0541299b3a1390f9dc97d2f01a0cd38596c23d0c702b3b304a758339ae0a3188</data>
          <data type="image" name="back">4fb72c6600855f9abe1da57333621da077b04013af3841637b89801dbcf106ad</data>
        </data>
        <data name="common">
          <data name="name">迷路</data>
          <data name="size">2</data>
        </data>
        <data name="detail">
          <data name="情報">
            <data name="▼障害" type="note">【観察眼 - 20】 </data>
            <data name="▼損失" type="note">制止【知力 - 20】付与</data>
          </data>
        </data>
        <data name="buff"></data>
      </data>
    </card>
    <card location.name="table" location.x="750" location.y="125" posZ="0" state="0" rotate="0" owner="" zindex="0" isLock="false" dispLockMark="true" overViewWidth="500" overViewMaxHeight="500">
      <data name="card">
        <data name="image">
          <data type="image" name="imageIdentifier"></data>
          <data type="image" name="front">512504cf704028c661ed6f60c7f6003d53f3b317fe5728a7daccb80c1fd7d387</data>
          <data type="image" name="back">4fb72c6600855f9abe1da57333621da077b04013af3841637b89801dbcf106ad</data>
        </data>
        <data name="common">
          <data name="name">ボウガン</data>
          <data name="size">2</data>
        </data>
        <data name="detail">
          <data name="情報">
            <data name="▼障害" type="note">【察知 - 20】 </data>
            <data name="▼損失" type="note">４ｄのダメージ </data>
          </data>
        </data>
        <data name="buff"></data>
      </data>
    </card>
    <card location.name="table" location.x="750" location.y="125" posZ="0" state="0" rotate="0" owner="" zindex="0" isLock="false" dispLockMark="true" overViewWidth="500" overViewMaxHeight="500">
      <data name="card">
        <data name="image">
          <data type="image" name="imageIdentifier"></data>
          <data type="image" name="front">ce941fa03a5bdf329cb2f7971a226c65bb0ab679e1a1ca7a1673a3300007049f</data>
          <data type="image" name="back">4fb72c6600855f9abe1da57333621da077b04013af3841637b89801dbcf106ad</data>
        </data>
        <data name="common">
          <data name="name">トゲトゲ床</data>
          <data name="size">2</data>
        </data>
        <data name="detail">
          <data name="情報">
            <data name="▼障害" type="note">【俊敏 - 20】 </data>
            <data name="▼損失" type="note">３ｄのダメージ </data>
          </data>
        </data>
        <data name="buff"></data>
      </data>
    </card>
    <card location.name="table" location.x="750" location.y="125" posZ="0" state="0" rotate="0" owner="" zindex="0" isLock="false" dispLockMark="true" overViewWidth="500" overViewMaxHeight="500">
      <data name="card">
        <data name="image">
          <data type="image" name="imageIdentifier"></data>
          <data type="image" name="front">12fcff86b148acabe01c2eb1ed43004a98cb9757083f9d4d10b78a77bcf2d859</data>
          <data type="image" name="back">4fb72c6600855f9abe1da57333621da077b04013af3841637b89801dbcf106ad</data>
        </data>
        <data name="common">
          <data name="name">スフィンクス</data>
          <data name="size">2</data>
        </data>
        <data name="detail">
          <data name="情報">
            <data name="▼障害" type="note">【閃き - 20】 </data>
            <data name="▼損失" type="note">５ｄのダメージ </data>
          </data>
        </data>
        <data name="buff"></data>
      </data>
    </card>
    <card location.name="table" location.x="750" location.y="125" posZ="0" state="0" rotate="0" owner="" zindex="0" isLock="false" dispLockMark="true" overViewWidth="500" overViewMaxHeight="500">
      <data name="card">
        <data name="image">
          <data type="image" name="imageIdentifier"></data>
          <data type="image" name="front">136148e1c83d42c6ca35d47653ba8f040315c41d443751bb2c1c105477468794</data>
          <data type="image" name="back">4fb72c6600855f9abe1da57333621da077b04013af3841637b89801dbcf106ad</data>
        </data>
        <data name="common">
          <data name="name">落雷</data>
          <data name="size">2</data>
        </data>
        <data name="detail">
          <data name="情報">
            <data name="▼障害" type="note">【幸運 - 20】 </data>
            <data name="▼損失" type="note">８ｄの貫通ダメージ </data>
          </data>
        </data>
        <data name="buff"></data>
      </data>
    </card>
    <card location.name="table" location.x="750" location.y="125" posZ="0" state="0" rotate="0" owner="" zindex="0" isLock="false" dispLockMark="true" overViewWidth="500" overViewMaxHeight="500">
      <data name="card">
        <data name="image">
          <data type="image" name="imageIdentifier"></data>
          <data type="image" name="front">bd32aee759eda388b1f3c7f1e0b0aa828c90bbd89acfbe7cdf8cc5b4f71e321d</data>
          <data type="image" name="back">4fb72c6600855f9abe1da57333621da077b04013af3841637b89801dbcf106ad</data>
        </data>
        <data name="common">
          <data name="name">振り子鉄球</data>
          <data name="size">2</data>
        </data>
        <data name="detail">
          <data name="情報">
            <data name="障害" type="note">【回避判定 - 25】 </data>
            <data name="▼損失" type="note">７ｄのダメージ </data>
          </data>
        </data>
        <data name="buff"></data>
      </data>
    </card>
    <card location.name="table" location.x="750" location.y="125" posZ="0" state="0" rotate="0" owner="" zindex="0" isLock="false" dispLockMark="true" overViewWidth="500" overViewMaxHeight="500">
      <data name="card">
        <data name="image">
          <data type="image" name="imageIdentifier"></data>
          <data type="image" name="front">afc56e93a3479e114b421343bf14ec04052bfb0c42416973d1c6aef95e5dd982</data>
          <data type="image" name="back">4fb72c6600855f9abe1da57333621da077b04013af3841637b89801dbcf106ad</data>
        </data>
        <data name="common">
          <data name="name">ワイヤートラップ</data>
          <data name="size">2</data>
        </data>
        <data name="detail">
          <data name="情報">
            <data name="障害" type="note">【ＳＳ - 25】 </data>
            <data name="▼損失" type="note">制止【筋力 - 20】付与 </data>
          </data>
        </data>
        <data name="buff"></data>
      </data>
    </card>
    <card location.name="table" location.x="750" location.y="125" posZ="0" state="0" rotate="0" owner="" zindex="0" isLock="false" dispLockMark="true" overViewWidth="500" overViewMaxHeight="500">
      <data name="card">
        <data name="image">
          <data type="image" name="imageIdentifier"></data>
          <data type="image" name="front">730cf0010a2a614bba72defd0c798c917215ff7df2bb3d2bc44e79caf0334d1f</data>
          <data type="image" name="back">4fb72c6600855f9abe1da57333621da077b04013af3841637b89801dbcf106ad</data>
        </data>
        <data name="common">
          <data name="name">トロッコ</data>
          <data name="size">2</data>
        </data>
        <data name="detail">
          <data name="情報">
            <data name="▼障害" type="note">【精神 - 20】 </data>
            <data name="▼損失" type="note">５ｄダメージ </data>
          </data>
        </data>
        <data name="buff"></data>
      </data>
    </card>
    <card location.name="table" location.x="750" location.y="125" posZ="0" state="0" rotate="0" owner="" zindex="0" isLock="false" dispLockMark="true" overViewWidth="500" overViewMaxHeight="500">
      <data name="card">
        <data name="image">
          <data type="image" name="imageIdentifier"></data>
          <data type="image" name="front">9258bec81bbd6d0c3a3fe45a50d5539371f67d4428d6259ff568441236bc8443</data>
          <data type="image" name="back">4fb72c6600855f9abe1da57333621da077b04013af3841637b89801dbcf106ad</data>
        </data>
        <data name="common">
          <data name="name">崖っぷち</data>
          <data name="size">2</data>
        </data>
        <data name="detail">
          <data name="情報">
            <data name="▼地形" type="note">ファンブルを２つ以上同時に出した場合、
その判定は強制失敗する </data>
            <data name="▼損失" type="note">５ｄのダメージ </data>
          </data>
        </data>
        <data name="buff"></data>
      </data>
    </card>
    <card location.name="table" location.x="750" location.y="125" posZ="0" state="0" rotate="0" owner="" zindex="0" isLock="false" dispLockMark="true" overViewWidth="500" overViewMaxHeight="500">
      <data name="card">
        <data name="image">
          <data type="image" name="imageIdentifier"></data>
          <data type="image" name="front">2f1ce89f0a6f4ad03e1d9a4639131e714858176a23c50d83c68189cd68a2e3da</data>
          <data type="image" name="back">4fb72c6600855f9abe1da57333621da077b04013af3841637b89801dbcf106ad</data>
        </data>
        <data name="common">
          <data name="name">ブラックホール</data>
          <data name="size">2</data>
        </data>
        <data name="detail">
          <data name="情報">
            <data name="▼障害" type="note">【任意の技能 - 35】 </data>
            <data name="▼地形" type="note">あらゆる判定結果を半減 </data>
            <data name="▼損失" type="note">１０ｄの防御貫通ダメージ </data>
          </data>
        </data>
        <data name="buff"></data>
      </data>
    </card>
    <card location.name="table" location.x="825" location.y="50" posZ="0" state="0" rotate="0" owner="" zindex="0" isLock="false" dispLockMark="true" overViewWidth="500" overViewMaxHeight="500">
      <data name="card">
        <data name="image">
          <data type="image" name="imageIdentifier"></data>
          <data type="image" name="front">ad00bfff3839017f6b1cb4339de0bf273677834dd68794165ae0704904b904e3</data>
          <data type="image" name="back">4fb72c6600855f9abe1da57333621da077b04013af3841637b89801dbcf106ad</data>
        </data>
        <data name="common">
          <data name="name">爆弾</data>
          <data name="size">2</data>
        </data>
        <data name="detail">
          <data name="情報">
            <data name="▼特殊" type="note">同エリアのパーティカードを１枚選んで破壊する </data>
          </data>
        </data>
        <data name="buff"></data>
      </data>
    </card>
    <card location.name="table" location.x="825" location.y="50" posZ="0" state="0" rotate="0" owner="" zindex="0" isLock="false" dispLockMark="true" overViewWidth="500" overViewMaxHeight="500">
      <data name="card">
        <data name="image">
          <data type="image" name="imageIdentifier"></data>
          <data type="image" name="front">4b8903952925f7f9818cee95989e80fff293911cc1bd05700830459c40fc1c20</data>
          <data type="image" name="back">4fb72c6600855f9abe1da57333621da077b04013af3841637b89801dbcf106ad</data>
        </data>
        <data name="common">
          <data name="name">破壊兵器</data>
          <data name="size">2</data>
        </data>
        <data name="detail">
          <data name="情報">
            <data name="▼特殊" type="note">同エリアのパーティカードを全て破壊する </data>
          </data>
        </data>
        <data name="buff"></data>
      </data>
    </card>
    <card location.name="table" location.x="825" location.y="50" posZ="0" state="0" rotate="0" owner="" zindex="0" isLock="false" dispLockMark="true" overViewWidth="500" overViewMaxHeight="500">
      <data name="card">
        <data name="image">
          <data type="image" name="imageIdentifier"></data>
          <data type="image" name="front">8e3a11c6855b547195c117e7e50d6fa1bba3e72cb868d6d09dc90f4afadd3d9e</data>
          <data type="image" name="back">4fb72c6600855f9abe1da57333621da077b04013af3841637b89801dbcf106ad</data>
        </data>
        <data name="common">
          <data name="name">金貨</data>
          <data name="size">2</data>
        </data>
        <data name="detail">
          <data name="情報">
            <data name="▼特殊" type="note">このカードは公開後もエリアに残る
同エリアのユニットは、このカードを対象に命中または回避判定を行うことができる
上記の判定で最も高い達成値を出したユニットは、
エンドフェイズに【因子５ｄ】を獲得し、このカードは消滅する</data>
          </data>
        </data>
        <data name="buff"></data>
      </data>
    </card>
  </node>
</card-stack>